{"A":{"0":0.2181348218,"1":1.7703014199,"2":-1.3497966213,"3":-0.1485185162,"4":0.1981220418,"5":-1.579648967,"6":-0.7437398392,"7":-0.6447379218,"8":0.1992850551,"9":0.3241310626},"B":{"0":1.0737699599,"1":0.8594287103,"2":3.0962378506,"3":1.0635670427,"4":0.2164224246,"5":0.9190725533,"6":-0.401467655,"7":-1.0602690575,"8":-0.6393182143,"9":0.6401917858},"C":{"0":-0.0215099319,"1":1.750366311,"2":0.9222410071,"3":-0.0336909813,"4":0.0552806602,"5":0.1528287391,"6":0.7278589713,"7":-0.2788589814,"8":-0.9503826321,"9":0.7144391848},"D":{"0":0.367250451,"1":0.1997034714,"2":1.1800381473,"3":-0.3787154051,"4":-1.3346501962,"5":0.9969012614,"6":0.098441702,"7":0.2861327898,"8":-0.9635270739,"9":-0.461424064},"E":{"0":-2.1564563463,"1":0.919626758,"2":1.0064222338,"3":1.144431495,"4":-0.5732234218,"5":0.0920942454,"6":-0.2464883017,"7":1.085803099,"8":0.4468645729,"9":-0.498771002}}